<?xml version="1.0" encoding="UTF-8"?>
<project-private xmlns="http://www.netbeans.org/ns/project-private/1">
    <editor-bookmarks xmlns="http://www.netbeans.org/ns/editor-bookmarks/2" lastBookmarkId="0"/>
    <open-files xmlns="http://www.netbeans.org/ns/projectui-open-files/2">
        <group>
            <file>file:/home/d3m0n10/NetBeansProjects/FoodDash/src/com/FoodDash/dao/RestaurantDAOImpl.java</file>
            <file>file:/home/d3m0n10/NetBeansProjects/FoodDash/src/com/FoodDash/connector/Connector.java</file>
            <file>file:/home/d3m0n10/NetBeansProjects/FoodDash/src/com/FoodDash/entities/Restaurant.java</file>
            <file>file:/home/d3m0n10/NetBeansProjects/FoodDash/src/com/FoodDash/interfaces/RestaurantDAO.java</file>
        </group>
    </open-files>
</project-private>
