{
    "Taco Bar": {
      "Taco": 1200,
      "Burrito": 1300,
      "Nachos": 3300,
      "Enchiladas": 5000,
      "Corona": 1300
    },
    "Hamburgueseria": {
      "Hamburguesa Simple con Queso": 2500,
      "Hamburguesa doble con queso": 3000,
      "Papas fritas": 1000,
      "Papas fritas con Panceta y Cheddar": 1400,
      "Lata de Cerveza": 1000
    },
    "KFC": {
      "Balde de 3 piezas": 2000,
      "Balde de 6 piezas": 3500,
      "Balde de 9 piezas": 5000,
      "Balde de 12 piezas": 6400,
      "Hamburguesa de Pollo Frito c/ Papas": 3000
    },
    "Heladeria Que Frio!": {
      "1 Kilo de Helado": 7500,
      "1/2 Kilo de Helado": 4700,
      "1/4 Kilo de Helado": 2700,
      "Promo 2 Kilos de Helado": 12000,
      "Paleta": 2000
    },
    "El Tano": {
      "Albondigas": 3500,
      "Lasaña": 3000,
      "Calzone": 4000,
      "Ravioles": 3000,
      "Ñoquis": 2800
    }
  }